sampleid	amplicon	timepoint	experimental_factor	control_vec	sampling_date	extraction_plate	indexing_plate	extr_conc_ng_ul	seq_pool	family	population	strategy	strategy_simple	classification	block	DBH23	NR_AUDPS_BV	NR_AUDPS_BV_group	NR_AUDPS_raw	NR_AUDPS_raw_group	DNB_AUDPS_BV	DNB_AUDPS_BV_group	DNB_AUDPS_raw	DNB_AUDPS_raw_group
GT5-7456-T3-ITS	ITS	T3	Pinus sylvestris needle phyllosphere	sample	2023-09-28	EP7	IP13	120	T3_run5	GT5	GT	Average	Average	Cairngorms	A	14.16	0.59549353	Average	-9.933333332	Average	-0.97282799	Average	36.26666667	Average
RM10-7352-T3-ITS	ITS	T3	Pinus sylvestris needle phyllosphere	sample	2023-09-27	EP7	IP13	120	T3_run5	RM10	RM	Average	Average	Cairngorms	D	12.73	0.15494337	Average	-9.533333334	Average	0.14153294	Average	21.2	Average
CR3-7445-T3-ITS	ITS	T3	Pinus sylvestris needle phyllosphere	sample	2023-09-27	EP7	IP13	120	T3_run5	CR3	CR	Average	Average	Hyper-oceanic	D	15.28	-0.42688008	Average	-12.43333333	Resistant	4.16016178	Susceptible	42.93333334	Average
EP7-Amp-Blank-T3-ITS	ITS	T3	control [EFO_0001461]	control		EP7	IP13		T3_run5	Amp-Blank	Amp-Blank													
BE5-7509-T3-ITS	ITS	T3	Pinus sylvestris needle phyllosphere	sample	2023-09-27	EP7	IP13	120	T3_run5	BE5	BE	HighDNB	Susceptible	Hyper-oceanic	D	15.12	0.0328845	Average	-8.35	Average	0.27581927	Average	28.86666667	Average
GT1-7384-T3-ITS	ITS	T3	Pinus sylvestris needle phyllosphere	sample	2023-09-27	EP7	IP13	120	T3_run5	GT1	GT	Average	Average	Cairngorms	D	12.89	-0.43747368	Average	-10.4	Average	-0.5838753	Average	17.33333333	Average
GC8-7377-T3-ITS	ITS	T3	Pinus sylvestris needle phyllosphere	sample	2023-09-27	EP7	IP13	116	T3_run5	GC8	GC	Susceptible	Susceptible	Central Atlantic	D	8.59	2.22136349	Susceptible	-4.666666668	Susceptible	3.37407645	Susceptible	47.2	Susceptible
GE6-7040-T3-ITS	ITS	T3	Pinus sylvestris needle phyllosphere	sample	2023-09-28	EP7	IP13	106	T3_run5	GE6	GE	Susceptible	Susceptible	Central Atlantic	A	8.28	1.72778973	Susceptible	-5.6	Susceptible	14.32963786	Susceptible	119.4666667	Susceptible
EP7-Pine-Rep1-T3-ITS	ITS	T3	Replicate Pinus sylvestris needle phyllosphere	sample		EP7	IP13		T3_run5	Pine-Rep	Pine-Rep													
GE8-7645-T3-ITS	ITS	T3	Pinus sylvestris needle phyllosphere	sample	2023-09-28	EP7	IP13	120	T3_run5	GE8	GE	Average	Average	Central Atlantic	A	12.41	-1.31385746	Resistant	-11.93333333	Average	-2.39616599	Average	28.93333333	Average
BW7-7506-T3-ITS	ITS	T3	Pinus sylvestris needle phyllosphere	sample	2023-09-27	EP7	IP13	118	T3_run5	BW7	BW	Average	Average	Central Atlantic	D	11.14	-1.01175618	Resistant	-12.06666667	Resistant	0.64037016	Average	25.33333333	Average
CG8-7544-T3-ITS	ITS	T3	Pinus sylvestris needle phyllosphere	sample	2023-09-27	EP7	IP13	120	T3_run5	CG8	CG	HighDNB	Susceptible	Hyper-oceanic	D	10.19	0.42815626	Average	-9.183333332	Average	3.85186767	Susceptible	43.86666667	Susceptible
GT2-7573-T3-ITS	ITS	T3	Pinus sylvestris needle phyllosphere	sample	2023-09-27	EP7	IP13	110	T3_run5	GT2	GT	Average	Average	Cairngorms	D	11.14	-0.03629912	Average	-8.6	Average	3.1019007	Susceptible	34.6	Average
AC8-7541-T3-ITS	ITS	T3	Pinus sylvestris needle phyllosphere	sample	2023-09-27	EP7	IP13	118	T3_run5	AC8	AC	LowNR	Susceptible	Cairngorms	D	10.5	1.07636369	Susceptible	-4.933333334	Susceptible	-1.4703843	Average	21.2	Average
BE3-7514-T3-ITS	ITS	T3	Pinus sylvestris needle phyllosphere	sample	2023-09-27	EP7	IP13	81.4	T3_run5	BE3	BE	Susceptible	Susceptible	Hyper-oceanic	A	10.66	1.06436647	Susceptible	-6.166666666	Susceptible	0.56520927	Average	47.33333333	Susceptible
BB2-7039-T3-ITS	ITS	T3	Pinus sylvestris needle phyllosphere	sample	2023-09-28	EP7	IP13	120	T3_run5	BB2	BB	Average	Average	Cairngorms	A	10.5	1.07131674	Susceptible	-6.9	Susceptible	-3.59174108	Resistant	39	Average
AC2-7474-T3-ITS	ITS	T3	Pinus sylvestris needle phyllosphere	sample	2023-09-27	EP7	IP13	120	T3_run5	AC2	AC	Average	Average	Cairngorms	D	10.5	-0.11435304	Average	-8.466666668	Average	-0.9999043	Average	24.8	Average
GT6-7486-T3-ITS	ITS	T3	Pinus sylvestris needle phyllosphere	sample	2023-09-28	EP7	IP13	120	T3_run5	GT6	GT	Tolerant	Resistant	Cairngorms	A	13.21	-1.19659724	Resistant	-12.26666667	Resistant	-1.25402543	Average	38.53333334	Average
BE5-7132-T3-ITS	ITS	T3	Pinus sylvestris needle phyllosphere	sample	2023-09-28	EP7	IP13	120	T3_run5	BE5	BE	Average	Average	Hyper-oceanic	A	16.55	-0.19921107	Average	-9.033333332	Average	-0.89013645	Average	45.26666667	Susceptible
GT8-7420-T3-ITS	ITS	T3	Pinus sylvestris needle phyllosphere	sample	2023-09-28	EP7	IP13	86.6	T3_run5	GT8	GT	Susceptible	Susceptible	Cairngorms	A	10.35	0.99459192	Susceptible	-5.633333332	Susceptible	0.70544559	Average	52.93333333	Susceptible
BB5-7326-T3-ITS	ITS	T3	Pinus sylvestris needle phyllosphere	sample	2023-09-27	EP7	IP13	120	T3_run5	BB5	BB	HighDNB	Susceptible	Cairngorms	A	13.05	0.03033985	Average	-9.066666666	Average	10.08821383	Susceptible	91.53333333	Susceptible
EP7-Syn-Rep1-T3-ITS	ITS	T3	replicate [EFO_0000683]	sample		EP7	IP13		T3_run5	Syn-Rep	Syn-Rep													
CR10-7348-T3-ITS	ITS	T3	Pinus sylvestris needle phyllosphere	sample	2023-09-27	EP7	IP13	120	T3_run5	CR10	CR	LowDNB	Resistant	Hyper-oceanic	D	14.64	0.7465315	Average	-9.866666666	Average	-0.91451176	Average	14.26666667	Resistant
RM4-7411-T3-ITS	ITS	T3	Pinus sylvestris needle phyllosphere	sample	2023-09-27	EP7	IP13	120	T3_run5	RM4	RM	Vulnerable	Susceptible	Cairngorms	D	14.16	1.07182423	Susceptible	-6.6	Susceptible	-4.00900135	Resistant	14	Resistant
AC7-7611-T3-ITS	ITS	T3	Pinus sylvestris needle phyllosphere	sample	2023-09-28	EP7	IP13	108	T3_run5	AC7	AC	Susceptible	Susceptible	Cairngorms	A	6.21	1.58935151	Susceptible	-3.5	Susceptible	12.1375618	Susceptible	97.26666667	Susceptible
BE7-7378-T3-ITS	ITS	T3	Pinus sylvestris needle phyllosphere	sample	2023-09-27	EP7	IP13	0.12	T3_run5	BE7	BE	HighNR	Resistant	Hyper-oceanic	D	15.44	-2.53978378	Resistant	-13.06666667	Resistant	-1.11452669	Average	30.93333333	Average
GT6-7349-T3-ITS	ITS	T3	Pinus sylvestris needle phyllosphere	sample	2023-09-27	EP7	IP13	120	T3_run5	GT6	GT	Average	Average	Cairngorms	D	13.37	-0.76070019	Average	-9.933333334	Average	0.6101444	Average	32.26666667	Average
BW2-7025-T3-ITS	ITS	T3	Pinus sylvestris needle phyllosphere	sample	2023-09-27	EP7	IP13	116	T3_run5	BW2	BW	LowDNB	Resistant	Central Atlantic	D	12.41	-0.54431172	Average	-10.26666667	Average	-0.57304072	Average	12.93333333	Resistant
BW3-7101-T3-ITS	ITS	T3	Pinus sylvestris needle phyllosphere	sample	2023-09-28	EP7	IP13	77.2	T3_run5	BW3	BW	HighNR	Resistant	Central Atlantic	A	17.67	-1.67668033	Resistant	-13.8	Resistant	-4.95662843	Resistant	26.06666667	Average
GE2-7383-T3-ITS	ITS	T3	Pinus sylvestris needle phyllosphere	sample	2023-09-27	EP7	IP13	112	T3_run5	GE2	GE	LowDNB	Resistant	Central Atlantic	D	14.8	-1.13613878	Resistant	-10.9	Average	-2.67762048	Average	10.66666667	Resistant
GT5-7253-T3-ITS	ITS	T3	Pinus sylvestris needle phyllosphere	sample	2023-09-27	EP7	IP13	82.2	T3_run5	GT5	GT	Average	Average	Cairngorms	D	11.3	0.96277291	Susceptible	-6.95	Susceptible	0.41033351	Average	32.66666667	Average
BW10-7357-T3-ITS	ITS	T3	Pinus sylvestris needle phyllosphere	sample	2023-09-28	EP7	IP13	118	T3_run5	BW10	BW	Average	Average	Central Atlantic	A	15.12	-0.31407643	Average	-10.1	Average	-4.58000784	Resistant	26.93333333	Average
AC2-7291-T3-ITS	ITS	T3	Pinus sylvestris needle phyllosphere	sample	2023-09-28	EP7	IP13	75.6	T3_run5	AC2	AC	Vulnerable	Susceptible	Cairngorms	A	12.89	0.29233049	Average	-6.033333334	Susceptible	-6.80384138	Resistant	13	Resistant
EP7-Idx-Blank-T3-ITS	ITS	T3	control [EFO_0001461]	control		EP7	IP13		T3_run5	Idx-Blank	Idx-Blank													
BB7-7224-T3-ITS	ITS	T3	Pinus sylvestris needle phyllosphere	sample	2023-09-27	EP7	IP13	116	T3_run5	BB7	BB	LowNR	Susceptible	Cairngorms	D	11.14	1.06307536	Susceptible	-5.233333334	Susceptible	-1.02092473	Average	29.6	Average
BE4-7003-T3-ITS	ITS	T3	Pinus sylvestris needle phyllosphere	sample	2023-09-28	EP7	IP13	120	T3_run5	BE4	BE	Average	Average	Hyper-oceanic	B	17.19	-0.47383025	Average	-9.3	Average	-3.06682711	Resistant	41.86666667	Average
BW10-7633-T3-ITS	ITS	T3	Pinus sylvestris needle phyllosphere	sample	2023-09-27	EP7	IP13	90.8	T3_run5	BW10	BW	LowDNB	Resistant	Central Atlantic	D	13.37	0.12076814	Average	-8	Average	-3.77538178	Resistant	9.066666666	Resistant
AC9-7346-T3-ITS	ITS	T3	Pinus sylvestris needle phyllosphere	sample	2023-09-27	EP7	IP13	106	T3_run5	AC9	AC	Vulnerable	Susceptible	Cairngorms	D	10.35	1.39675207	Susceptible	-4.766666668	Susceptible	-3.52991143	Resistant	14.26666667	Resistant
BW6-7035-T3-ITS	ITS	T3	Pinus sylvestris needle phyllosphere	sample	2023-09-28	EP7	IP13	120	T3_run5	BW6	BW	HighDNB	Susceptible	Central Atlantic	A	15.12	0.0953271	Average	-9.35	Average	0.4308987	Average	50.4	Susceptible
GC9-7537-T3-ITS	ITS	T3	Pinus sylvestris needle phyllosphere	sample	2023-09-27	EP7	IP13	110	T3_run5	GC9	GC	Resistant	Resistant	Central Atlantic	D	12.57	-1.07925405	Resistant	-12.26666667	Resistant	-3.68288474	Resistant	8.666666666	Resistant
CR4-7671-T3-ITS	ITS	T3	Pinus sylvestris needle phyllosphere	sample	2023-09-27	EP7	IP13	116	T3_run5	CR4	CR	Resistant	Resistant	Hyper-oceanic	D	15.92	-1.0798298	Resistant	-13.5	Resistant	-4.2665735	Resistant	14.2	Resistant
BB2-7542-T3-ITS	ITS	T3	Pinus sylvestris needle phyllosphere	sample	2023-09-27	EP7	IP13	83.6	T3_run5	BB2	BB	Susceptible	Susceptible	Cairngorms	D	10.35	1.57616638	Susceptible	-5	Susceptible	1.55838729	Average	38.6	Average
BE3-7156-T3-ITS	ITS	T3	Pinus sylvestris needle phyllosphere	sample	2023-09-27	EP7	IP13	106	T3_run5	BE3	BE	LowNR	Susceptible	Hyper-oceanic	D	14.64	1.95896512	Susceptible	-4.733333334	Susceptible	4.52924348	Susceptible	48.53333333	Susceptible
GT8-7254-T3-ITS	ITS	T3	Pinus sylvestris needle phyllosphere	sample	2023-09-27	EP7	IP13	114	T3_run5	GT8	GT	Average	Average	Cairngorms	D	11.62	0.54121394	Average	-7.4	Average	1.74589922	Average	39.26666667	Average
GE9-7002-T3-ITS	ITS	T3	Pinus sylvestris needle phyllosphere	sample	2023-09-27	EP7	IP13	120	T3_run5	GE9	GE	Susceptible	Susceptible	Central Atlantic	A	14.8	1.23775082	Susceptible	-6.766666666	Susceptible	1.40669132	Average	56.66666667	Susceptible
BW7-7581-T3-ITS	ITS	T3	Pinus sylvestris needle phyllosphere	sample	2023-09-28	EP7	IP13	120	T3_run5	BW7	BW	Average	Average	Central Atlantic	A	14.32	-0.82852919	Average	-11.06666667	Average	-1.3638632	Average	35.33333333	Average
EP7-DNAblank-T3-ITS	ITS	T3	control [EFO_0001461]	control		EP7	IP13	0.32	T3_run5	DNAblank	DNAblank													
BE7-7455-T3-ITS	ITS	T3	Pinus sylvestris needle phyllosphere	sample	2023-09-28	EP7	IP13	104	T3_run5	BE7	BE	HighNR	Resistant	Hyper-oceanic	A	13.69	-2.1270303	Resistant	-14.26666667	Resistant	0.23507498	Average	41.26666667	Average
CG4-7097-T3-ITS	ITS	T3	Pinus sylvestris needle phyllosphere	sample	2023-09-28	EP7	IP13	102	T3_run5	CG4	CG	Average	Average	Hyper-oceanic	A	14.01	1.43530452	Susceptible	-7.366666666	Average	-1.14380656	Average	45.73333333	Susceptible
GC8-7582-T3-ITS	ITS	T3	Pinus sylvestris needle phyllosphere	sample	2023-09-28	EP7	IP13	63.6	T3_run5	GC8	GC	Average	Average	Central Atlantic	A	9.71	1.67966575	Susceptible	-6.866666666	Susceptible	0.6469695	Average	38	Average
CR9-7320-T3-ITS	ITS	T3	Pinus sylvestris needle phyllosphere	sample	2023-09-27	EP7	IP13	120	T3_run5	CR9	CR	HighNR	Resistant	Hyper-oceanic	D	16.71	-1.17874651	Resistant	-13.6	Resistant	0.33058831	Average	20.66666667	Average
CG6-7551-T3-ITS	ITS	T3	Pinus sylvestris needle phyllosphere	sample	2023-09-28	EP7	IP13	108	T3_run5	CG6	CG	HighNR	Resistant	Hyper-oceanic	A	14.48	-0.98292104	Resistant	-14.3	Resistant	-2.6919277	Average	26.6	Average
AC1-7230-T3-ITS	ITS	T3	Pinus sylvestris needle phyllosphere	sample	2023-09-28	EP7	IP13	97.2	T3_run5	AC1	AC	LowNR	Susceptible	Cairngorms	A	8.75	1.06572071	Susceptible	-5.466666668	Susceptible	-3.08189654	Resistant	34.4	Average
GT2-7200-T3-ITS	ITS	T3	Pinus sylvestris needle phyllosphere	sample	2023-09-28	EP7	IP13	104	T3_run5	GT2	GT	Tolerant	Resistant	Cairngorms	A	13.21	-1.19152868	Resistant	-12.6	Resistant	2.65879516	Susceptible	53.06666667	Susceptible
BE2-7069-T3-ITS	ITS	T3	Pinus sylvestris needle phyllosphere	sample	2023-09-27	EP7	IP13	68.6	T3_run5	BE2	BE	Susceptible	Susceptible	Hyper-oceanic	A	6.84	2.58648566	Susceptible	-3.933333334	Susceptible	10.51531153	Susceptible	95.73333334	Susceptible
CG4-7218-T3-ITS	ITS	T3	Pinus sylvestris needle phyllosphere	sample	2023-09-27	EP7	IP13	120	T3_run5	CG4	CG	HighNR	Resistant	Hyper-oceanic	D	16.71	-0.52249	Average	-12.8	Resistant	-2.70137909	Average	17.6	Average
BB1-7409-T3-ITS	ITS	T3	Pinus sylvestris needle phyllosphere	sample	2023-09-27	EP7	IP13	118	T3_run5	BB1	BB	Average	Average	Cairngorms	D	9.39	0.13714558	Average	-7.333333334	Average	0.72715395	Average	28.26666667	Average
GC1-7294-T3-ITS	ITS	T3	Pinus sylvestris needle phyllosphere	sample	2023-09-27	EP7	IP13	112	T3_run5	GC1	GC	HighDNB	Susceptible	Central Atlantic	A	13.05	0.31728758	Average	-8.3	Average	4.67947277	Susceptible	64.40000001	Susceptible
BB1-7232-T3-ITS	ITS	T3	Pinus sylvestris needle phyllosphere	sample	2023-09-28	EP7	IP13	120	T3_run5	BB1	BB	Susceptible	Susceptible	Cairngorms	A	9.55	1.08252768	Susceptible	-5.833333334	Susceptible	9.0727896	Susceptible	86.19999999	Susceptible
GE6-7186-T3-ITS	ITS	T3	Pinus sylvestris needle phyllosphere	sample	2023-09-27	EP7	IP13	120	T3_run5	GE6	GE	Average	Average	Central Atlantic	D	14.01	0.73492038	Average	-7.866666668	Average	-0.66960777	Average	14.66666667	Resistant
GE9-7480-T3-ITS	ITS	T3	Pinus sylvestris needle phyllosphere	sample	2023-09-27	EP7	IP13	118	T3_run5	GE9	GE	LowNR	Susceptible	Central Atlantic	D	13.37	2.08388032	Susceptible	-4.333333334	Susceptible	3.41666269	Susceptible	40.26666667	Average
GC2-7507-T3-ITS	ITS	T3	Pinus sylvestris needle phyllosphere	sample	2023-09-27	EP7	IP13	120	T3_run5	GC2	GC	HighNR	Resistant	Central Atlantic	D	14.48	-1.92524627	Resistant	-13.6	Resistant	-2.64106614	Average	9.6	Resistant
RM6-7031-T3-ITS	ITS	T3	Pinus sylvestris needle phyllosphere	sample	2023-09-27	EP7	IP13	118	T3_run5	RM6	RM	Average	Average	Cairngorms	D	14.96	-0.56175157	Average	-9.4	Average	0.17537141	Average	29.2	Average
EP7-Syn-Rep2-T3-ITS	ITS	T3	replicate [EFO_0000683]	sample		EP7	IP13		T3_run5	Syn-Rep	Syn-Rep													
GE1-7647-T3-ITS	ITS	T3	Pinus sylvestris needle phyllosphere	sample	2023-09-28	EP7	IP13	104	T3_run5	GE1	GE	Tolerant	Resistant	Central Atlantic	A	15.92	-1.17113651	Resistant	-13.8	Resistant	2.40523225	Average	44.99999999	Susceptible
EP7-Syn-Rep4-T3-ITS	ITS	T3	replicate [EFO_0000683]	sample		EP7	IP13		T3_run5	Syn-Rep	Syn-Rep													
AC7-7032-T3-ITS	ITS	T3	Pinus sylvestris needle phyllosphere	sample	2023-09-27	EP7	IP13	92.2	T3_run5	AC7	AC	Average	Average	Cairngorms	D	12.89	-0.71103673	Average	-8.7	Average	2.45923388	Average	27.6	Average
RM3-7538-T3-ITS	ITS	T3	Pinus sylvestris needle phyllosphere	sample	2023-09-27	EP7	IP13	120	T3_run5	RM3	RM	LowDNB	Resistant	Cairngorms	D	14.8	0.94692621	Susceptible	-7.6	Average	0.62745231	Average	19.2	Average
EP7-Pine-Rep2-T3-ITS	ITS	T3	Replicate Pinus sylvestris needle phyllosphere	sample		EP7	IP13		T3_run5	Pine-Rep	Pine-Rep													
CG7-7574-T3-ITS	ITS	T3	Pinus sylvestris needle phyllosphere	sample	2023-09-27	EP7	IP13	99.4	T3_run5	CG7	CG	Resistant	Resistant	Hyper-oceanic	D	15.92	-0.97302659	Resistant	-13.6	Resistant	-2.79628717	Average	15.2	Average
GE2-7483-T3-ITS	ITS	T3	Pinus sylvestris needle phyllosphere	sample	2023-09-28	EP7	IP13	120	T3_run5	GE2	GE	Average	Average	Central Atlantic	A	16.87	-1.40334449	Resistant	-11.1	Average	-3.20249989	Resistant	31.6	Average
RM3-7609-T3-ITS	ITS	T3	Pinus sylvestris needle phyllosphere	sample	2023-09-28	EP7	IP13	120	T3_run5	RM3	RM	Average	Average	Cairngorms	A	13.85	0.82747501	Average	-8.2	Average	2.44117464	Average	46.93333333	Susceptible
GC1-7128-T3-ITS	ITS	T3	Pinus sylvestris needle phyllosphere	sample	2023-09-27	EP7	IP13	120	T3_run5	GC1	GC	LowDNB	Resistant	Central Atlantic	D	14.96	-0.1564793	Average	-8.866666666	Average	-2.2158158	Average	11.8	Resistant
RM6-7065-T3-ITS	ITS	T3	Pinus sylvestris needle phyllosphere	sample	2023-09-28	EP7	IP13	77.8	T3_run5	RM6	RM	Tolerant	Resistant	Cairngorms	A	14.48	-1.52618385	Resistant	-12.8	Resistant	0.6420517	Average	59.33333334	Susceptible
AC8-7453-T3-ITS	ITS	T3	Pinus sylvestris needle phyllosphere	sample	2023-09-28	EP7	IP13	73.8	T3_run5	AC8	AC	LowNR	Susceptible	Cairngorms	A	13.21	1.32647444	Susceptible	-4.633333334	Susceptible	-5.76036854	Resistant	18.93333333	Average
EP7-Syn-Rep3-T3-ITS	ITS	T3	replicate [EFO_0000683]	sample		EP7	IP13		T3_run5	Syn-Rep	Syn-Rep													
RM4-7358-T3-ITS	ITS	T3	Pinus sylvestris needle phyllosphere	sample	2023-09-28	EP7	IP13	110	T3_run5	RM4	RM	Average	Average	Cairngorms	A	15.76	-0.09127828	Average	-10.93333333	Average	-2.38993446	Average	36.46666667	Average
BB5-7412-T3-ITS	ITS	T3	Pinus sylvestris needle phyllosphere	sample	2023-09-27	EP7	IP13	120	T3_run5	BB5	BB	Vulnerable	Susceptible	Cairngorms	D	8.28	0.9203197	Susceptible	-5.833333334	Susceptible	-0.28490271	Average	17.06666667	Average
EP7-Pine-Rep3-T3-ITS	ITS	T3	Replicate Pinus sylvestris needle phyllosphere	sample		EP7	IP13		T3_run5	Pine-Rep	Pine-Rep													
GC5-7089-T3-ITS	ITS	T3	Pinus sylvestris needle phyllosphere	sample	2023-09-27	EP7	IP13	120	T3_run5	GC5	GC	LowDNB	Resistant	Central Atlantic	D	14.16	-1.32606497	Resistant	-12.1	Resistant	-4.03418903	Resistant	5.4	Resistant
BW6-7284-T3-ITS	ITS	T3	Pinus sylvestris needle phyllosphere	sample	2023-09-27	EP7	IP13	110	T3_run5	BW6	BW	Average	Average	Central Atlantic	D	7.51	0.03732835	Average	-9.65	Average	0.63074748	Average	24.93333333	Average
RM1-7665-T3-ITS	ITS	T3	Pinus sylvestris needle phyllosphere	sample	2023-09-27	EP7	IP13	91.2	T3_run5	RM1	RM	Average	Average	Cairngorms	D	11.14	-0.27922607	Average	-9.366666668	Average	-2.09252052	Average	14.4	Resistant
CG2-7072-T3-ITS	ITS	T3	Pinus sylvestris needle phyllosphere	sample	2023-09-27	EP7	IP13	120	T3_run5	CG2	CG	Resistant	Resistant	Hyper-oceanic	A	16.55	-1.78122733	Resistant	-15.86666667	Resistant	-7.99935756	Resistant	15.93333333	Average
CG7-7197-T3-ITS	ITS	T3	Pinus sylvestris needle phyllosphere	sample	2023-09-27	EP7	IP13	120	T3_run5	CG7	CG	LowDNB	Resistant	Hyper-oceanic	A	14.48	0.63776973	Average	-9.483333334	Average	-6.57454895	Resistant	12.93333333	Resistant
RM1-7391-T3-ITS	ITS	T3	Pinus sylvestris needle phyllosphere	sample	2023-09-28	EP7	IP13	88.2	T3_run5	RM1	RM	Tolerant	Resistant	Cairngorms	A	13.37	-0.99598654	Resistant	-13.26666667	Resistant	-2.26552195	Average	34.93333333	Average
CR9-7389-T3-ITS	ITS	T3	Pinus sylvestris needle phyllosphere	sample	2023-09-28	EP7	IP13	120	T3_run5	CR9	CR	Tolerant	Resistant	Hyper-oceanic	A	14.96	-1.37809346	Resistant	-14	Resistant	9.54716363	Susceptible	93.86666668	Susceptible
CR10-7549-T3-ITS	ITS	T3	Pinus sylvestris needle phyllosphere	sample	2023-09-28	EP7	IP13	65.6	T3_run5	CR10	CR	Susceptible	Susceptible	Hyper-oceanic	A	9.87	2.57485893	Susceptible	-4.716666666	Susceptible	11.22257436	Susceptible	98.93333333	Susceptible
GC9-7100-T3-ITS	ITS	T3	Pinus sylvestris needle phyllosphere	sample	2023-09-28	EP7	IP13	112	T3_run5	GC9	GC	Average	Average	Central Atlantic	A	12.89	0.00172365	Average	-9.516666666	Average	-3.33090196	Resistant	36.93333333	Average
GE7-7575-T3-ITS	ITS	T3	Pinus sylvestris needle phyllosphere	sample	2023-09-27	EP7	IP13	112	T3_run5	GE7	GE	LowNR	Susceptible	Central Atlantic	D	4.14	2.02998742	Susceptible	-4.266666668	Susceptible	0.09875641	Average	28.00000001	Average
BE4-7607-T3-ITS	ITS	T3	Pinus sylvestris needle phyllosphere	sample	2023-09-27	EP7	IP13	120	T3_run5	BE4	BE	Average	Average	Hyper-oceanic	D	13.69	-1.18514252	Resistant	-11.31666667	Average	-2.82298032	Average	20.66666667	Average
GE7-7423-T3-ITS	ITS	T3	Pinus sylvestris needle phyllosphere	sample	2023-09-28	EP7	IP13	83.8	T3_run5	GE7	GE	Average	Average	Central Atlantic	A	12.89	0.46798458	Average	-10.11666667	Average	-1.89494566	Average	33.86666667	Average
AC9-7099-T3-ITS	ITS	T3	Pinus sylvestris needle phyllosphere	sample	2023-09-28	EP7	IP13	93	T3_run5	AC9	AC	LowNR	Susceptible	Cairngorms	A	13.37	0.78837047	Average	-6.433333334	Susceptible	-1.56537201	Average	42.06666667	Average
BB3-7126-T3-ITS	ITS	T3	Pinus sylvestris needle phyllosphere	sample	2023-09-27	EP7	IP13	112	T3_run5	BB3	BB	Resistant	Resistant	Cairngorms	D	13.85	-2.0802967	Resistant	-12.4	Resistant	-3.95370475	Resistant	12.13333333	Resistant
CR7-7648-T3-ITS	ITS	T3	Pinus sylvestris needle phyllosphere	sample	2023-09-28	EP7	IP13	102	T3_run5	CR7	CR	Average	Average	Hyper-oceanic	A	11.46	0.1037674	Average	-12.01666667	Resistant	0.48009776	Average	40.93333333	Average
EP7-Syn-Extr-T3-ITS	ITS	T3	replicate [EFO_0000683]	sample		EP7	IP13	7.26	T3_run5	Syn-Extr	Syn-Extr													
GE1-7638-T3-ITS	ITS	T3	Pinus sylvestris needle phyllosphere	sample	2023-09-27	EP7	IP13	120	T3_run5	GE1	GE	Average	Average	Central Atlantic	D	14.64	-1.13325098	Resistant	-11.9	Average	-0.29876081	Average	22.93333333	Average
BW7-7593-T3-ITS	ITS	T3	Pinus sylvestris needle phyllosphere	sample	2023-09-27	EP8	IP15	120	T3_run6	BW7	BW	LowNR	Susceptible	Central Atlantic	C	11.62	0.85589838	Average	-5.933333334	Susceptible	0.80489061	Average	25.93333333	Average
CG3-7651-T3-ITS	ITS	T3	Pinus sylvestris needle phyllosphere	sample	2023-09-28	EP8	IP15	120	T3_run6	CG3	CG	Average	Average	Hyper-oceanic	B	13.21	0.62249652	Average	-10.6	Average	1.22535665	Average	25.2	Average
RM10-7402-T3-ITS	ITS	T3	Pinus sylvestris needle phyllosphere	sample	2023-09-27	EP8	IP15	120	T3_run6	RM10	RM	LowDNB	Resistant	Cairngorms	C	12.89	0.09264148	Average	-8.85	Average	-1.70623567	Average	13.26666667	Resistant
CR7-7183-T3-ITS	ITS	T3	Pinus sylvestris needle phyllosphere	sample	2023-09-27	EP8	IP15	120	T3_run6	CR7	CR	HighNR	Resistant	Hyper-oceanic	C	13.62	-0.66897154	Average	-13.1	Resistant	-0.34699096	Average	29.4	Average
EP8-Syn-Rep4-T3-ITS	ITS	T3	replicate [EFO_0000683]	sample		EP8	IP15		T3_run6	Syn-Rep	Syn-Rep													
BW3-7429-T3-ITS	ITS	T3	Pinus sylvestris needle phyllosphere	sample	2023-09-28	EP8	IP15	120	T3_run6	BW3	BW	Resistant	Resistant	Central Atlantic	B	16.07	-1.40453136	Resistant	-14.33333333	Resistant	-4.08193335	Resistant	8.066666666	Resistant
BB2-7590-T3-ITS	ITS	T3	Pinus sylvestris needle phyllosphere	sample	2023-09-27	EP8	IP15	120	T3_run6	BB2	BB	LowNR	Susceptible	Cairngorms	B	6.37	1.77020918	Susceptible	-5.133333334	Susceptible	-1.37487778	Average	17.8	Average
RM1-7145-T3-ITS	ITS	T3	Pinus sylvestris needle phyllosphere	sample	2023-09-27	EP8	IP15	108	T3_run6	RM1	RM	Average	Average	Cairngorms	C	13.85	-0.7717736	Average	-12.43333333	Resistant	1.90791163	Average	35.46666667	Average
GT8-7341-T3-ITS	ITS	T3	Pinus sylvestris needle phyllosphere	sample	2023-09-27	EP8	IP15	110	T3_run6	GT8	GT	Average	Average	Cairngorms	C	12.41	-0.6754342	Average	-10.56666667	Average	-1.06813724	Average	22.06666667	Average
EP8-Idx-Blank-T3-ITS	ITS	T3	control [EFO_0001461]	control		EP8	IP15		T3_run6	Idx-Blank	Idx-Blank													
EP8-Syn-Rep1-T3-ITS	ITS	T3	replicate [EFO_0000683]	sample		EP8	IP15		T3_run6	Syn-Rep	Syn-Rep													
GT1-7236-T3-ITS	ITS	T3	Pinus sylvestris needle phyllosphere	sample	2023-09-28	EP8	IP15	108	T3_run6	GT1	GT	LowNR	Susceptible	Cairngorms	B	5.25	2.53227181	Susceptible	-2.2	Susceptible	9.23822419	Susceptible	83.53333334	Susceptible
AC7-7592-T3-ITS	ITS	T3	Pinus sylvestris needle phyllosphere	sample	2023-09-28	EP8	IP15	120	T3_run6	AC7	AC	LowDNB	Resistant	Cairngorms	B	8.28	0.24602292	Average	-7.8	Average	0.30087516	Average	14	Resistant
AC1-7050-T3-ITS	ITS	T3	Pinus sylvestris needle phyllosphere	sample	2023-09-27	EP8	IP15	94.8	T3_run6	AC1	AC	Average	Average	Cairngorms	C	13.37	-0.42499199	Average	-10.23333333	Average	-1.93716859	Average	18.13333333	Average
CG8-7522-T3-ITS	ITS	T3	Pinus sylvestris needle phyllosphere	sample	2023-09-28	EP8	IP15	120	T3_run6	CG8	CG	Resistant	Resistant	Hyper-oceanic	B	16.23	-0.53997958	Average	-13.03333333	Resistant	-1.87687992	Average	10.26666667	Resistant
AC2-7049-T3-ITS	ITS	T3	Pinus sylvestris needle phyllosphere	sample	2023-09-27	EP8	IP15	88.6	T3_run6	AC2	AC	Average	Average	Cairngorms	C	12.73	-0.61585026	Average	-10.66666667	Average	-1.1216405	Average	21.8	Average
GE1-7087-T3-ITS	ITS	T3	Pinus sylvestris needle phyllosphere	sample	2023-09-27	EP8	IP15	99.8	T3_run6	GE1	GE	LowNR	Susceptible	Central Atlantic	C	9.55	1.85900207	Susceptible	-4.333333334	Susceptible	-0.99863285	Average	22.86666667	Average
BE4-7267-T3-ITS	ITS	T3	Pinus sylvestris needle phyllosphere	sample	2023-09-28	EP8	IP15	120	T3_run6	BE4	BE	Average	Average	Hyper-oceanic	B	11.3	-1.06190631	Resistant	-10.86666667	Average	-3.28374617	Resistant	26.6	Average
BB7-7268-T3-ITS	ITS	T3	Pinus sylvestris needle phyllosphere	sample	2023-09-28	EP8	IP15	118	T3_run6	BB7	BB	Vulnerable	Susceptible	Cairngorms	B	17.35	1.06859124	Susceptible	-6.133333332	Susceptible	-3.78181994	Resistant	15.93333333	Average
CG2-7208-T3-ITS	ITS	T3	Pinus sylvestris needle phyllosphere	sample	2023-09-27	EP8	IP15	98	T3_run6	CG2	CG	HighNR	Resistant	Hyper-oceanic	B	14.8	-0.86665645	Average	-13.23333333	Resistant	-3.52320311	Resistant	16	Average
BE4-7663-T3-ITS	ITS	T3	Pinus sylvestris needle phyllosphere	sample	2023-09-27	EP8	IP15	120	T3_run6	BE4	BE	Vulnerable	Susceptible	Hyper-oceanic	C	7.16	-0.00642773	Average	-6.1	Susceptible	-5.76181272	Resistant	7.6	Resistant
RM10-7202-T3-ITS	ITS	T3	Pinus sylvestris needle phyllosphere	sample	2023-09-28	EP8	IP15	120	T3_run6	RM10	RM	Average	Average	Cairngorms	B	14.32	-0.1668163	Average	-10.4	Average	-0.22145245	Average	26.6	Average
GC8-7501-T3-ITS	ITS	T3	Pinus sylvestris needle phyllosphere	sample	2023-09-27	EP8	IP15	100	T3_run6	GC8	GC	LowNR	Susceptible	Central Atlantic	C	5.57	2.39114059	Susceptible	-3.216666668	Susceptible	2.08052701	Average	29.33333333	Average
EP8-DNAblank-T3-ITS	ITS	T3	control [EFO_0001461]	control		EP8	IP15	0.1	T3_run6	DNAblank	DNAblank													
BE7-7585-T3-ITS	ITS	T3	Pinus sylvestris needle phyllosphere	sample	2023-09-28	EP8	IP15	110	T3_run6	BE7	BE	Average	Average	Hyper-oceanic	B	15.92	-1.00638769	Resistant	-10.3	Average	1.2359085	Average	28.66666667	Average
CR10-7431-T3-ITS	ITS	T3	Pinus sylvestris needle phyllosphere	sample	2023-09-28	EP8	IP15	108	T3_run6	CR10	CR	Average	Average	Hyper-oceanic	B	16.71	0.98968175	Susceptible	-10.73333333	Average	0.68373853	Average	22.66666667	Average
CG8-7084-T3-ITS	ITS	T3	Pinus sylvestris needle phyllosphere	sample	2023-09-27	EP8	IP15	120	T3_run6	CG8	CG	HighNR	Resistant	Hyper-oceanic	C	17.03	-1.42035244	Resistant	-15.33333333	Resistant	-0.05640602	Average	22.93333333	Average
BE7-7019-T3-ITS	ITS	T3	Pinus sylvestris needle phyllosphere	sample	2023-09-27	EP8	IP15	120	T3_run6	BE7	BE	Average	Average	Hyper-oceanic	C	16.07	-0.65383932	Average	-9.766666666	Average	1.30691393	Average	31.86666667	Average
CR4-7143-T3-ITS	ITS	T3	Pinus sylvestris needle phyllosphere	sample	2023-09-27	EP8	IP15	120	T3_run6	CR4	CR	HighNR	Resistant	Hyper-oceanic	B	14.16	-0.739345	Average	-12.8	Resistant	-0.76093101	Average	37.73333334	Average
GE8-7242-T3-ITS	ITS	T3	Pinus sylvestris needle phyllosphere	sample	2023-09-27	EP8	IP15	54	T3_run6	GE8	GE	HighNR	Resistant	Central Atlantic	C	15.76	-2.66470277	Resistant	-15	Resistant	-0.57385109	Average	24.93333333	Average
GT8-7009-T3-ITS	ITS	T3	Pinus sylvestris needle phyllosphere	sample	2023-09-28	EP8	IP15	120	T3_run6	GT8	GT	Average	Average	Cairngorms	B	14.32	-0.20952815	Average	-10.93333333	Average	1.81761035	Average	44.93333333	Susceptible
GT1-7407-T3-ITS	ITS	T3	Pinus sylvestris needle phyllosphere	sample	2023-09-27	EP8	IP15	112	T3_run6	GT1	GT	HighNR	Resistant	Cairngorms	C	11.46	-1.18326896	Resistant	-13.26666667	Resistant	0.38984167	Average	19.06666667	Average
CG4-7425-T3-ITS	ITS	T3	Pinus sylvestris needle phyllosphere	sample	2023-09-28	EP8	IP15	67	T3_run6	CG4	CG	HighNR	Resistant	Hyper-oceanic	B	15.92	-0.700039	Average	-14.46666667	Resistant	-3.78760797	Resistant	7.4	Resistant
CG3-7376-T3-ITS	ITS	T3	Pinus sylvestris needle phyllosphere	sample	2023-09-27	EP8	IP15	120	T3_run6	CG3	CG	HighNR	Resistant	Hyper-oceanic	C	15.92	-1.46811508	Resistant	-16.4	Resistant	-2.51308531	Average	6.4	Resistant
EP8-Pine-Rep2-T3-ITS	ITS	T3	Replicate Pinus sylvestris needle phyllosphere	sample		EP8	IP15		T3_run6	Pine-Rep	Pine-Rep													
BW7-7366-T3-ITS	ITS	T3	Pinus sylvestris needle phyllosphere	sample	2023-09-28	EP8	IP15	74.6	T3_run6	BW7	BW	Resistant	Resistant	Central Atlantic	B	14.48	-1.11889269	Resistant	-14.66666667	Resistant	-3.03775792	Resistant	5.4	Resistant
BE5-7146-T3-ITS	ITS	T3	Pinus sylvestris needle phyllosphere	sample	2023-09-27	EP8	IP15	0.12	T3_run6	BE5	BE	Average	Average	Hyper-oceanic	C	14.96	0.21353279	Average	-8.9	Average	-0.69650835	Average	26.26666667	Average
BE5-7334-T3-ITS	ITS	T3	Pinus sylvestris needle phyllosphere	sample	2023-09-28	EP8	IP15	120	T3_run6	BE5	BE	Resistant	Resistant	Hyper-oceanic	B	16.71	-1.10263125	Resistant	-13.56666667	Resistant	-2.83515382	Average	12.13333333	Resistant
GT5-7107-T3-ITS	ITS	T3	Pinus sylvestris needle phyllosphere	sample	2023-09-28	EP8	IP15	108	T3_run6	GT5	GT	LowNR	Susceptible	Cairngorms	B	7.96	1.98367712	Susceptible	-3.933333334	Susceptible	-1.47325688	Average	31.06666667	Average
GT2-7210-T3-ITS	ITS	T3	Pinus sylvestris needle phyllosphere	sample	2023-09-27	EP8	IP15	71.2	T3_run6	GT2	GT	Average	Average	Cairngorms	C	14.16	-0.28350871	Average	-10.26666667	Average	2.23387507	Average	28.26666667	Average
RM6-7203-T3-ITS	ITS	T3	Pinus sylvestris needle phyllosphere	sample	2023-09-28	EP8	IP15	120	T3_run6	RM6	RM	Average	Average	Cairngorms	B	12.1	0.43768646	Average	-7.233333334	Average	-4.07852	Resistant	15.33333333	Average
BB1-7504-T3-ITS	ITS	T3	Pinus sylvestris needle phyllosphere	sample	2023-09-27	EP8	IP15	120	T3_run6	BB1	BB	Vulnerable	Susceptible	Cairngorms	C	8.91	0.64155139	Average	-5.1	Susceptible	-0.32951826	Average	14.26666667	Resistant
BB7-7181-T3-ITS	ITS	T3	Pinus sylvestris needle phyllosphere	sample	2023-09-27	EP8	IP15	120	T3_run6	BB7	BB	Average	Average	Cairngorms	C	11.62	-0.12924936	Average	-9.45	Average	-1.64343114	Average	20.4	Average
AC8-7184-T3-ITS	ITS	T3	Pinus sylvestris needle phyllosphere	sample	2023-09-27	EP8	IP15	120	T3_run6	AC8	AC	Tolerant	Resistant	Cairngorms	C	12.89	-1.87447619	Resistant	-13.8	Resistant	-0.46378344	Average	31.6	Average
GT5-7309-T3-ITS	ITS	T3	Pinus sylvestris needle phyllosphere	sample	2023-09-27	EP8	IP15	120	T3_run6	GT5	GT	HighDNB	Susceptible	Cairngorms	C	14.8	0.85752577	Average	-7.416666666	Average	4.44265915	Susceptible	53.6	Susceptible
GC9-7275-T3-ITS	ITS	T3	Pinus sylvestris needle phyllosphere	sample	2023-09-27	EP8	IP15	114	T3_run6	GC9	GC	Average	Average	Central Atlantic	C	18.46	-0.74121909	Average	-11.86666667	Average	-0.65993	Average	29.73333334	Average
CR3-7338-T3-ITS	ITS	T3	Pinus sylvestris needle phyllosphere	sample	2023-09-27	EP8	IP15	18.1	T3_run6	CR3	CR	HighDNB	Susceptible	Hyper-oceanic	C	12.57	0.34382048	Average	-9.266666668	Average	2.61722401	Susceptible	38.93333333	Average
GC2-7276-T3-ITS	ITS	T3	Pinus sylvestris needle phyllosphere	sample	2023-09-27	EP8	IP15	67.4	T3_run6	GC2	GC	Susceptible	Susceptible	Central Atlantic	C	10.5	0.83712725	Average	-6.366666668	Susceptible	3.30311239	Susceptible	44.93333333	Susceptible
BW2-7628-T3-ITS	ITS	T3	Pinus sylvestris needle phyllosphere	sample	2023-09-27	EP8	IP15	98.6	T3_run6	BW2	BW	LowDNB	Resistant	Central Atlantic	C	12.25	-0.54464083	Average	-9.533333332	Average	-1.0690665	Average	15.26666667	Average
EP8-Syn-Rep2-T3-ITS	ITS	T3	replicate [EFO_0000683]	sample		EP8	IP15		T3_run6	Syn-Rep	Syn-Rep													
GE6-7205-T3-ITS	ITS	T3	Pinus sylvestris needle phyllosphere	sample	2023-09-28	EP8	IP15	110	T3_run6	GE6	GE	LowDNB	Resistant	Central Atlantic	B	16.87	0.27553122	Average	-9.066666666	Average	-2.94651183	Average	11.6	Resistant
CG7-7434-T3-ITS	ITS	T3	Pinus sylvestris needle phyllosphere	sample	2023-09-27	EP8	IP15	120	T3_run6	CG7	CG	Average	Average	Hyper-oceanic	C	14.16	-0.16864591	Average	-10.43333333	Average	-2.13741307	Average	18.26666667	Average
CG2-7148-T3-ITS	ITS	T3	Pinus sylvestris needle phyllosphere	sample	2023-09-27	EP8	IP15	102	T3_run6	CG2	CG	Resistant	Resistant	Hyper-oceanic	C	14.8	-1.18217533	Resistant	-14	Resistant	-3.50673114	Resistant	15.86666667	Average
EP8-Pine-Rep3-T3-ITS	ITS	T3	Replicate Pinus sylvestris needle phyllosphere	sample		EP8	IP15		T3_run6	Pine-Rep	Pine-Rep													
GC2-7078-T3-ITS	ITS	T3	Pinus sylvestris needle phyllosphere	sample	2023-09-27	EP8	IP15	120	T3_run6	GC2	GC	Tolerant	Resistant	Central Atlantic	B	16.87	-2.57383485	Resistant	-16.23333333	Resistant	1.98022077	Average	42.53333333	Average
AC9-7142-T3-ITS	ITS	T3	Pinus sylvestris needle phyllosphere	sample	2023-09-28	EP8	IP15	114	T3_run6	AC9	AC	Average	Average	Cairngorms	B	9.55	0.34434395	Average	-8.233333332	Average	-3.220849	Resistant	16.26666667	Average
GE1-7112-T3-ITS	ITS	T3	Pinus sylvestris needle phyllosphere	sample	2023-09-28	EP8	IP15	79.4	T3_run6	GE1	GE	Average	Average	Central Atlantic	B	13.21	0.5310407	Average	-8	Average	0.19747839	Average	32.26666666	Average
BB5-7600-T3-ITS	ITS	T3	Pinus sylvestris needle phyllosphere	sample	2023-09-27	EP8	IP15	23	T3_run6	BB5	BB	Susceptible	Susceptible	Cairngorms	C	8.28	1.61784612	Susceptible	-2.233333334	Susceptible	7.33480655	Susceptible	64.26666667	Susceptible
RM4-7436-T3-ITS	ITS	T3	Pinus sylvestris needle phyllosphere	sample	2023-09-27	EP8	IP15	106	T3_run6	RM4	RM	LowNR	Susceptible	Cairngorms	C	13.53	0.96222629	Susceptible	-6.916666666	Susceptible	0.96754484	Average	31.2	Average
GT2-7297-T3-ITS	ITS	T3	Pinus sylvestris needle phyllosphere	sample	2023-09-28	EP8	IP15	92.2	T3_run6	GT2	GT	HighDNB	Susceptible	Cairngorms	B	11.78	-0.23493308	Average	-10.06666667	Average	6.37528194	Susceptible	58.59999999	Susceptible
CG6-7344-T3-ITS	ITS	T3	Pinus sylvestris needle phyllosphere	sample	2023-09-27	EP8	IP15	114	T3_run6	CG6	CG	HighNR	Resistant	Hyper-oceanic	C	14.64	-0.40426348	Average	-12.6	Resistant	-2.23774289	Average	15.86666667	Average
GT6-7595-T3-ITS	ITS	T3	Pinus sylvestris needle phyllosphere	sample	2023-09-27	EP8	IP15	120	T3_run6	GT6	GT	Average	Average	Cairngorms	C	15.6	-0.88249078	Average	-9.533333334	Average	-1.81524131	Average	22.53333333	Average
BW2-7362-T3-ITS	ITS	T3	Pinus sylvestris needle phyllosphere	sample	2023-09-27	EP8	IP15	120	T3_run6	BW2	BW	HighNR	Resistant	Central Atlantic	B	13.85	-0.62184636	Average	-12.43333333	Resistant	-1.23309237	Average	14.6	Resistant
GC9-7589-T3-ITS	ITS	T3	Pinus sylvestris needle phyllosphere	sample	2023-09-28	EP8	IP15	90.2	T3_run6	GC9	GC	Vulnerable	Susceptible	Central Atlantic	B	11.78	1.35058348	Susceptible	-6.3	Susceptible	-3.2273408	Resistant	8.666666666	Resistant
CR9-7469-T3-ITS	ITS	T3	Pinus sylvestris needle phyllosphere	sample	2023-09-27	EP8	IP15	120	T3_run6	CR9	CR	LowNR	Susceptible	Hyper-oceanic	C	12.73	1.03572018	Susceptible	-6.3	Susceptible	2.74163879	Susceptible	32.6	Average
GE9-7053-T3-ITS	ITS	T3	Pinus sylvestris needle phyllosphere	sample	2023-09-27	EP8	IP15	114	T3_run6	GE9	GE	LowNR	Susceptible	Central Atlantic	C	7.8	1.81861478	Susceptible	-5.633333334	Susceptible	-0.29538596	Average	23.86666667	Average
AC1-7329-T3-ITS	ITS	T3	Pinus sylvestris needle phyllosphere	sample	2023-09-28	EP8	IP15	120	T3_run6	AC1	AC	Average	Average	Cairngorms	B	17.19	0.56454283	Average	-8.033333334	Average	-3.67506458	Resistant	11.2	Resistant
CR4-7211-T3-ITS	ITS	T3	Pinus sylvestris needle phyllosphere	sample	2023-09-27	EP8	IP15	120	T3_run6	CR4	CR	Resistant	Resistant	Hyper-oceanic	C	15.28	-1.75858123	Resistant	-15.93333333	Resistant	-5.65086585	Resistant	5.4	Resistant
BB3-7657-T3-ITS	ITS	T3	Pinus sylvestris needle phyllosphere	sample	2023-09-27	EP8	IP15	114	T3_run6	BB3	BB	Average	Average	Cairngorms	C	17.19	-0.8518858	Average	-8.366666668	Average	-1.96465849	Average	17.86666667	Average
GE8-7333-T3-ITS	ITS	T3	Pinus sylvestris needle phyllosphere	sample	2023-09-28	EP8	IP15	120	T3_run6	GE8	GE	HighNR	Resistant	Central Atlantic	B	13.85	-1.78322361	Resistant	-14.33333333	Resistant	-2.79442267	Average	16	Average
EP8-Syn-Extr-T3-ITS	ITS	T3	replicate [EFO_0000683]	sample		EP8	IP15	7.82	T3_run6	Syn-Extr	Syn-Extr													
BW6-7173-T3-ITS	ITS	T3	Pinus sylvestris needle phyllosphere	sample	2023-09-28	EP8	IP15	120	T3_run6	BW6	BW	Tolerant	Resistant	Central Atlantic	B	17.51	-1.010395	Resistant	-12.46666667	Resistant	2.67154543	Susceptible	46.59999999	Susceptible
RM6-7120-T3-ITS	ITS	T3	Pinus sylvestris needle phyllosphere	sample	2023-09-27	EP8	IP15	114	T3_run6	RM6	RM	Average	Average	Cairngorms	C	12.1	-0.64469404	Average	-11.36666667	Average	-2.05936965	Average	23.6	Average
BB5-7171-T3-ITS	ITS	T3	Pinus sylvestris needle phyllosphere	sample	2023-09-28	EP8	IP15	74.8	T3_run6	BB5	BB	LowNR	Susceptible	Cairngorms	B	10.35	0.63589953	Average	-6.033333334	Susceptible	-0.42179338	Average	28	Average
EP8-Pine-Rep1-T3-ITS	ITS	T3	Replicate Pinus sylvestris needle phyllosphere	sample		EP8	IP15		T3_run6	Pine-Rep	Pine-Rep													
RM4-7620-T3-ITS	ITS	T3	Pinus sylvestris needle phyllosphere	sample	2023-09-27	EP8	IP15	0.12	T3_run6	RM4	RM	LowDNB	Resistant	Cairngorms	B	12.57	0.28086658	Average	-9.9	Average	-1.41232707	Average	15.6	Average
CG6-7014-T3-ITS	ITS	T3	Pinus sylvestris needle phyllosphere	sample	2023-09-28	EP8	IP15	120	T3_run6	CG6	CG	Average	Average	Hyper-oceanic	B	16.71	0.32383966	Average	-11.96666667	Average	-2.36269283	Average	20.26666667	Average
GT6-7618-T3-ITS	ITS	T3	Pinus sylvestris needle phyllosphere	sample	2023-09-28	EP8	IP15	120	T3_run6	GT6	GT	LowDNB	Resistant	Cairngorms	B	12.41	-0.20158132	Average	-9.2	Average	-3.40317897	Resistant	9.066666666	Resistant
BE2-7500-T3-ITS	ITS	T3	Pinus sylvestris needle phyllosphere	sample	2023-09-27	EP8	IP15	120	T3_run6	BE2	BE	LowNR	Susceptible	Hyper-oceanic	C	12.41	1.38355896	Susceptible	-5.3	Susceptible	4.01919111	Susceptible	34.26666667	Average
AC2-7464-T3-ITS	ITS	T3	Pinus sylvestris needle phyllosphere	sample	2023-09-28	EP8	IP15	106	T3_run6	AC2	AC	Vulnerable	Susceptible	Cairngorms	B	10.82	0.85968435	Average	-6.333333332	Susceptible	-2.89982969	Average	17.33333333	Average
EP8-Amp-Blank-T3-ITS	ITS	T3	control [EFO_0001461]	control		EP8	IP15		T3_run6	Amp-Blank	Amp-Blank													
GC5-7178-T3-ITS	ITS	T3	Pinus sylvestris needle phyllosphere	sample	2023-09-27	EP8	IP15	0.12	T3_run6	GC5	GC	Average	Average	Central Atlantic	C	12.1	0.49996133	Average	-8.433333332	Average	-2.10404492	Average	18.93333333	Average
CR9-7298-T3-ITS	ITS	T3	Pinus sylvestris needle phyllosphere	sample	2023-09-28	EP8	IP15	120	T3_run6	CR9	CR	HighNR	Resistant	Hyper-oceanic	B	15.92	-2.05370066	Resistant	-16.6	Resistant	-2.43350073	Average	13	Resistant
GE6-7213-T3-ITS	ITS	T3	Pinus sylvestris needle phyllosphere	sample	2023-09-27	EP8	IP15	120	T3_run6	GE6	GE	LowDNB	Resistant	Central Atlantic	C	13.37	0.21179049	Average	-9.5	Average	-0.21901158	Average	16.53333333	Average
AC9-7660-T3-ITS	ITS	T3	Pinus sylvestris needle phyllosphere	sample	2023-09-27	EP8	IP15	104	T3_run6	AC9	AC	LowNR	Susceptible	Cairngorms	C	7.32	1.73494959	Susceptible	-3.3	Susceptible	2.0688868	Average	35.66666667	Average
AC8-7174-T3-ITS	ITS	T3	Pinus sylvestris needle phyllosphere	sample	2023-09-28	EP8	IP15	120	T3_run6	AC8	AC	Average	Average	Cairngorms	B	14.01	-0.22899029	Average	-8.8	Average	-2.20540727	Average	26.93333333	Average
GC5-7457-T3-ITS	ITS	T3	Pinus sylvestris needle phyllosphere	sample	2023-09-28	EP8	IP15	104	T3_run6	GC5	GC	Resistant	Resistant	Central Atlantic	B	14.01	-1.65828943	Resistant	-14.33333333	Resistant	-3.08224197	Resistant	16.06666667	Average
CR7-7652-T3-ITS	ITS	T3	Pinus sylvestris needle phyllosphere	sample	2023-09-27	EP8	IP15	116	T3_run6	CR7	CR	HighNR	Resistant	Hyper-oceanic	B	14.16	-0.47293618	Average	-12.86666667	Resistant	-2.2792415	Average	12.26666667	Resistant
CG7-7655-T3-ITS	ITS	T3	Pinus sylvestris needle phyllosphere	sample	2023-09-27	EP8	IP15	120	T3_run6	CG7	CG	Resistant	Resistant	Hyper-oceanic	B	13.37	-1.17301321	Resistant	-15.36666667	Resistant	-3.38134897	Resistant	12.2	Resistant
AC7-7439-T3-ITS	ITS	T3	Pinus sylvestris needle phyllosphere	sample	2023-09-27	EP8	IP15	120	T3_run6	AC7	AC	Average	Average	Cairngorms	C	15.12	-0.31948662	Average	-9.333333332	Average	0.05529522	Average	8	Resistant
BE2-7141-T3-ITS	ITS	T3	Pinus sylvestris needle phyllosphere	sample	2023-09-28	EP8	IP15	120	T3_run6	BE2	BE	LowNR	Susceptible	Hyper-oceanic	B	11.14	1.53145736	Susceptible	-6.3	Susceptible	0.00077856	Average	23.33333333	Average
EP8-Syn-Rep3-T3-ITS	ITS	T3	replicate [EFO_0000683]	sample		EP8	IP15		T3_run6	Syn-Rep	Syn-Rep													
RM3-7623-T3-ITS	ITS	T3	Pinus sylvestris needle phyllosphere	sample	2023-09-27	EP8	IP15	120	T3_run6	RM3	RM	HighDNB	Susceptible	Cairngorms	B	11.94	0.38387175	Average	-9.9	Average	3.76299483	Susceptible	35.2	Average
GE2-7555-T3-ITS	ITS	T3	Pinus sylvestris needle phyllosphere	sample	2023-09-27	EP8	IP15	120	T3_run6	GE2	GE	Resistant	Resistant	Central Atlantic	B	13.53	-1.60175181	Resistant	-12.73333333	Resistant	-2.00419702	Average	14.46666667	Resistant
BE3-7245-T3-ITS	ITS	T3	Pinus sylvestris needle phyllosphere	sample	2023-09-27	EP8	IP15	120	T3_run6	BE3	BE	Average	Average	Hyper-oceanic	C	16.23	0.07128155	Average	-9.933333334	Average	-1.84733103	Average	14.26666667	Resistant
BE3-7237-T3-ITS	ITS	T3	Pinus sylvestris needle phyllosphere	sample	2023-09-27	EP8	IP15	112	T3_run6	BE3	BE	LowNR	Susceptible	Hyper-oceanic	B	8.91	2.14761031	Susceptible	-4.6	Susceptible	1.03535303	Average	38.4	Average
BW6-7567-T3-ITS	ITS	T3	Pinus sylvestris needle phyllosphere	sample	2023-09-27	EP6_and_EP9	IP17		T3_run5	BW6	BW	LowNR	Susceptible	Central Atlantic	C	1.11	2.08165628	Susceptible	-2.533333334	Susceptible	-0.98180021	Average	15.73333333	Average
EP9-Amp-Blank-T3-ITS	ITS	T3	control [EFO_0001461]	control		EP6_and_EP9	IP17		T3_run5	Amp-Blank	Amp-Blank													
CG3-7382-T3-ITS	ITS	T3	Pinus sylvestris needle phyllosphere	sample	2023-09-27	EP6_and_EP9	IP17		T3_run5	CG3	CG	Vulnerable	Susceptible	Hyper-oceanic	D	9.39	2.01217954	Susceptible	-6.066666666	Susceptible	-1.88209437	Average	9.333333334	Resistant
CG3-7515-T3-ITS	ITS	T3	Pinus sylvestris needle phyllosphere	sample	2023-09-28	EP6_and_EP9	IP17		T3_run5	CG3	CG	HighDNB	Susceptible	Hyper-oceanic	A	15.92	-0.2034659	Average	-11.08333333	Average	3.0148872	Susceptible	58.66666667	Susceptible
GC1-7368-T3-ITS	ITS	T3	Pinus sylvestris needle phyllosphere	sample	2023-09-28	EP6_and_EP9	IP17		T3_run5	GC1	GC	HighNR	Resistant	Central Atlantic	B	11.14	-1.43262145	Resistant	-14.66666667	Resistant	-0.16153398	Average	19.86666667	Average
GT1-7482-T3-ITS	ITS	T3	Pinus sylvestris needle phyllosphere	sample	2023-09-28	EP6_and_EP9	IP17		T3_run5	GT1	GT	Susceptible	Susceptible	Cairngorms	A	12.45	0.90902375	Average	-6.233333332	Susceptible	0.7041457	Average	46.66666667	Susceptible
BB2-7055-T3-ITS	ITS	T3	Pinus sylvestris needle phyllosphere	sample	2023-09-27	EP6_and_EP9	IP17		T3_run5	BB2	BB	LowNR	Susceptible	Cairngorms	C	6.53	2.81686649	Susceptible	-2.233333334	Susceptible	-1.29797532	Average	27.6	Average
EP9-Pine-Rep1-T3-ITS	ITS	T3	Replicate Pinus sylvestris needle phyllosphere	sample		EP6_and_EP9	IP17		T3_run5	Pine-Rep	Pine-Rep													
RM3-7115-T3-ITS	ITS	T3	Pinus sylvestris needle phyllosphere	sample	2023-09-27	EP6_and_EP9	IP17		T3_run5	RM3	RM	HighDNB	Susceptible	Cairngorms	C	14.16	0.56218801	Average	-9.516666668	Average	5.84387649	Susceptible	52.93333333	Susceptible
GE7-7658-T3-ITS	ITS	T3	Pinus sylvestris needle phyllosphere	sample	2023-09-27	EP6_and_EP9	IP17		T3_run5	GE7	GE	Average	Average	Central Atlantic	C	13.21	-0.19990573	Average	-9.633333334	Average	0.33880594	Average	26	Average
CR3-7642-T3-ITS	ITS	T3	Pinus sylvestris needle phyllosphere	sample	2023-09-28	EP6_and_EP9	IP17		T3_run5	CR3	CR	HighNR	Resistant	Hyper-oceanic	A	15.44	-0.92138162	Average	-14.33333333	Resistant	-2.94536265	Average	18.93333333	Average
CG4-7406-T3-ITS	ITS	T3	Pinus sylvestris needle phyllosphere	sample	2023-09-27	EP6_and_EP9	IP17		T3_run5	CG4	CG	Average	Average	Hyper-oceanic	C	18.3	-0.03330288	Average	-12.28333333	Resistant	-3.08335798	Resistant	7	Resistant
EP9-Syn-Rep1-T3-ITS	ITS	T3	replicate [EFO_0000683]	sample		EP6_and_EP9	IP17		T3_run5	Syn-Rep	Syn-Rep													
GC1-7085-T3-ITS	ITS	T3	Pinus sylvestris needle phyllosphere	sample	2023-09-27	EP6_and_EP9	IP17		T3_run5	GC1	GC	HighDNB	Susceptible	Central Atlantic	C	15.76	-0.62011794	Average	-11.05	Average	4.30987914	Susceptible	46.86666667	Susceptible
CR3-7619-T3-ITS	ITS	T3	Pinus sylvestris needle phyllosphere	sample	2023-09-28	EP6_and_EP9	IP17		T3_run5	CR3	CR	Average	Average	Hyper-oceanic	B	14.01	0.01232821	Average	-11.1	Average	0.61051784	Average	23.13333333	Average
GE9-7272-T3-ITS	ITS	T3	Pinus sylvestris needle phyllosphere	sample	2023-09-28	EP6_and_EP9	IP17		T3_run5	GE9	GE	Average	Average	Central Atlantic	B	17.51	0.39303062	Average	-10.06666667	Average	-1.44551344	Average	13.33333333	Resistant
EP9-Pine-Rep2-T3-ITS	ITS	T3	Replicate Pinus sylvestris needle phyllosphere	sample		EP6_and_EP9	IP17		T3_run5	Pine-Rep	Pine-Rep													
BB7-7227-T3-ITS	ITS	T3	Pinus sylvestris needle phyllosphere	sample	2023-09-28	EP6_and_EP9	IP17		T3_run5	BB7	BB	Susceptible	Susceptible	Cairngorms	A	8.75	1.66532531	Susceptible	-3.183333334	Susceptible	4.33349984	Susceptible	71.46666666	Susceptible
EP9-Syn-Extr-T3-ITS	ITS	T3	replicate [EFO_0000683]	sample		EP6_and_EP9	IP17		T3_run5	Syn-Extr	Syn-Extr													
BW10-7396-T3-ITS	ITS	T3	Pinus sylvestris needle phyllosphere	sample	2023-09-27	EP6_and_EP9	IP17		T3_run5	BW10	BW	Resistant	Resistant	Central Atlantic	B	16.07	-1.72757104	Resistant	-15.26666667	Resistant	-3.73776425	Resistant	13.2	Resistant
BE2-7510-T3-ITS	ITS	T3	Pinus sylvestris needle phyllosphere	sample	2023-09-27	EP6_and_EP9	IP17		T3_run5	BE2	BE	Susceptible	Susceptible	Hyper-oceanic	D	5.25	2.65798103	Susceptible	-3.4	Susceptible	6.71671584	Susceptible	47.86666667	Susceptible
EP9-Pine-Rep3-T3-ITS	ITS	T3	Replicate Pinus sylvestris needle phyllosphere	sample		EP6_and_EP9	IP17		T3_run5	Pine-Rep	Pine-Rep													
GE2-7530-T3-ITS	ITS	T3	Pinus sylvestris needle phyllosphere	sample	2023-09-27	EP6_and_EP9	IP17		T3_run5	GE2	GE	Susceptible	Susceptible	Central Atlantic	C	7.64	1.11967578	Susceptible	-3.766666666	Susceptible	4.36784471	Susceptible	50.4	Susceptible
EP9-Syn-Rep3-T3-ITS	ITS	T3	replicate [EFO_0000683]	sample		EP6_and_EP9	IP17		T3_run5	Syn-Rep	Syn-Rep													
EP9-Syn-Rep4-T3-ITS	ITS	T3	replicate [EFO_0000683]	sample		EP6_and_EP9	IP17		T3_run5	Syn-Rep	Syn-Rep													
RM1-7523-T3-ITS	ITS	T3	Pinus sylvestris needle phyllosphere	sample	2023-09-28	EP6_and_EP9	IP17		T3_run5	RM1	RM	Average	Average	Cairngorms	B	11.14	0.91313351	Average	-7.133333334	Average	-0.82393956	Average	23.33333333	Average
BW10-7534-T3-ITS	ITS	T3	Pinus sylvestris needle phyllosphere	sample	2023-09-27	EP6_and_EP9	IP17		T3_run5	BW10	BW	LowDNB	Resistant	Central Atlantic	C	10.19	-0.33675844	Average	-8.633333334	Average	-2.91473108	Average	14.46666667	Resistant
GC8-7367-T3-ITS	ITS	T3	Pinus sylvestris needle phyllosphere	sample	2023-09-28	EP6_and_EP9	IP17		T3_run5	GC8	GC	Average	Average	Central Atlantic	B	14.48	0.68595184	Average	-11.6	Average	2.63317217	Susceptible	32.86666667	Average
RM10-7324-T3-ITS	ITS	T3	Pinus sylvestris needle phyllosphere	sample	2023-09-28	EP6_and_EP9	IP17		T3_run5	RM10	RM	Susceptible	Susceptible	Cairngorms	A	10.5	1.24635237	Susceptible	-5.666666666	Susceptible	4.49230662	Susceptible	69	Susceptible
BB1-7238-T3-ITS	ITS	T3	Pinus sylvestris needle phyllosphere	sample	2023-09-28	EP6_and_EP9	IP17		T3_run5	BB1	BB	Average	Average	Cairngorms	B	12.89	-0.67881812	Average	-10.4	Average	6.75538514	Susceptible	57.79999999	Susceptible
EP9-Idx-Blank-T3-ITS	ITS	T3	control [EFO_0001461]	control		EP6_and_EP9	IP17		T3_run5	Idx-Blank	Idx-Blank													
BW3-7594-T3-ITS	ITS	T3	Pinus sylvestris needle phyllosphere	sample	2023-09-27	EP6_and_EP9	IP17		T3_run5	BW3	BW	Average	Average	Central Atlantic	C	16.07	0.30791254	Average	-7	Susceptible	-3.16711136	Resistant	12.4	Resistant
EP9-DNAblank-T3-ITS	ITS	T3	control [EFO_0001461]	control		EP6_and_EP9	IP17		T3_run5	DNAblank	DNAblank													
CR7-7154-T3-ITS	ITS	T3	Pinus sylvestris needle phyllosphere	sample	2023-09-27	EP6_and_EP9	IP17		T3_run5	CR7	CR	HighNR	Resistant	Hyper-oceanic	D	13.37	-0.5604155	Average	-12.4	Resistant	-1.60414846	Average	18.13333333	Average
GC2-7136-T3-ITS	ITS	T3	Pinus sylvestris needle phyllosphere	sample	2023-09-28	EP6_and_EP9	IP17		T3_run5	GC2	GC	Average	Average	Central Atlantic	A	15.28	-0.9312841	Average	-11.93333333	Average	-3.77531258	Resistant	24.93333333	Average
CR4-7135-T3-ITS	ITS	T3	Pinus sylvestris needle phyllosphere	sample	2023-09-28	EP6_and_EP9	IP17		T3_run5	CR4	CR	Average	Average	Hyper-oceanic	A	14.32	0.49261376	Average	-9.833333334	Average	-6.29171134	Resistant	25.6	Average
EP9-Syn-Rep2-T3-ITS	ITS	T3	replicate [EFO_0000683]	sample		EP6_and_EP9	IP17		T3_run5	Syn-Rep	Syn-Rep													
BW2-7261-T3-ITS	ITS	T3	Pinus sylvestris needle phyllosphere	sample	2023-09-28	EP6_and_EP9	IP17		T3_run5	BW2	BW	Average	Average	Central Atlantic	A	12.1	-0.15767878	Average	-9.333333332	Average	3.5084525	Susceptible	54.93333333	Susceptible
GE7-7427-T3-ITS	ITS	T3	Pinus sylvestris needle phyllosphere	sample	2023-09-28	EP6_and_EP9	IP17		T3_run5	GE7	GE	Vulnerable	Susceptible	Central Atlantic	B	3.93	1.86344124	Susceptible	-5.266666666	Susceptible	-2.53613038	Average	16.66666667	Average
CR10-7497-T3-ITS	ITS	T3	Pinus sylvestris needle phyllosphere	sample	2023-09-27	EP6_and_EP9	IP17		T3_run5	CR10	CR	Average	Average	Hyper-oceanic	C	15.44	0.73896071	Average	-8.733333332	Average	0.63572847	Average	23.26666667	Average
CG2-7160-T3-ITS	ITS	T3	Pinus sylvestris needle phyllosphere	sample	2023-09-27	EP6_and_EP9	IP17		T3_run5	CG2	CG	Average	Average	Hyper-oceanic	D	14.32	-0.76319134	Average	-11.9	Average	-3.50536078	Resistant	17.6	Average
